{
    "micro_IoU": 0.955824576309867,
    "micro_Precision": 0.9774134018841911,
    "micro_Recall": 0.9774134018841911,
    "micro_F1-score": 0.9774134018841911,
    "MACRO_IoU": 0.9069422880808512,
    "MACRO_Precision": 0.9889446496963501,
    "MACRO_Recall": 0.9175534049669901,
    "MACRO_F1-score": 0.950419664800319,
    "Accuracy": 0.9774134159088135
}