{
    "1": {
        "train_accuracy": 90.96683859825134,
        "train_loss": 0.2653003758838716,
        "train_IoU": 60.589832067489624,
        "train_epoch_time": 128.2141833305359,
        "val_accuracy": 94.9059784412384,
        "val_loss": 0.14901207354086554,
        "val_IoU": 76.15933418273926,
        "val_epoch_time": 19.342605590820312
    },
    "2": {
        "train_accuracy": 95.83789110183716,
        "train_loss": 0.11659136911819004,
        "train_IoU": 78.15765738487244,
        "train_epoch_time": 128.47872614860535,
        "val_accuracy": 95.03210186958313,
        "val_loss": 0.1289941804177726,
        "val_IoU": 81.02981448173523,
        "val_epoch_time": 19.38279962539673
    },
    "3": {
        "train_accuracy": 96.8944787979126,
        "train_loss": 0.0857178214410285,
        "train_IoU": 82.55322575569153,
        "train_epoch_time": 128.3100550174713,
        "val_accuracy": 95.70612907409668,
        "val_loss": 0.11617203490502796,
        "val_IoU": 83.72061252593994,
        "val_epoch_time": 19.31210708618164
    },
    "4": {
        "train_accuracy": 97.653067111969,
        "train_loss": 0.06501772061412067,
        "train_IoU": 85.96728444099426,
        "train_epoch_time": 128.33704495429993,
        "val_accuracy": 95.96471190452576,
        "val_loss": 0.1186000524616953,
        "val_IoU": 85.36906242370605,
        "val_epoch_time": 19.351778984069824
    },
    "5": {
        "train_accuracy": 98.12109470367432,
        "train_loss": 0.052677767773000685,
        "train_IoU": 87.83398270606995,
        "train_epoch_time": 128.36586713790894,
        "val_accuracy": 95.95428109169006,
        "val_loss": 0.12790338450403352,
        "val_IoU": 85.73941588401794,
        "val_epoch_time": 19.312259197235107
    },
    "6": {
        "train_accuracy": 98.36623072624207,
        "train_loss": 0.04506749703706998,
        "train_IoU": 89.20449614524841,
        "train_epoch_time": 128.22523760795593,
        "val_accuracy": 95.62783241271973,
        "val_loss": 0.14086101715689275,
        "val_IoU": 85.18547415733337,
        "val_epoch_time": 19.277759552001953
    },
    "7": {
        "train_accuracy": 98.57909083366394,
        "train_loss": 0.0391520465952608,
        "train_IoU": 90.1417076587677,
        "train_epoch_time": 128.04678654670715,
        "val_accuracy": 95.58255672454834,
        "val_loss": 0.1467995293327232,
        "val_IoU": 84.04908776283264,
        "val_epoch_time": 19.331207275390625
    },
    "8": {
        "train_accuracy": 98.51284623146057,
        "train_loss": 0.04105487638943878,
        "train_IoU": 89.87733721733093,
        "train_epoch_time": 128.15931034088135,
        "val_accuracy": 94.95694637298584,
        "val_loss": 0.16949503690893974,
        "val_IoU": 84.51104164123535,
        "val_epoch_time": 19.347798347473145
    },
    "9": {
        "train_accuracy": 98.73026609420776,
        "train_loss": 0.03456572664655604,
        "train_IoU": 91.1524772644043,
        "train_epoch_time": 128.17623782157898,
        "val_accuracy": 96.211177110672,
        "val_loss": 0.13571107176257605,
        "val_IoU": 87.10584044456482,
        "val_epoch_time": 19.316834926605225
    },
    "10": {
        "train_accuracy": 98.8345742225647,
        "train_loss": 0.031421308642921024,
        "train_IoU": 91.78407788276672,
        "train_epoch_time": 128.357115983963,
        "val_accuracy": 96.32723331451416,
        "val_loss": 0.1482708669865309,
        "val_IoU": 88.09590339660645,
        "val_epoch_time": 19.48197317123413
    },
    "11": {
        "train_accuracy": 98.99162650108337,
        "train_loss": 0.026756052230924098,
        "train_IoU": 92.93226599693298,
        "train_epoch_time": 128.36955213546753,
        "val_accuracy": 95.38801908493042,
        "val_loss": 0.17152993347662607,
        "val_IoU": 85.92568039894104,
        "val_epoch_time": 19.36939525604248
    },
    "12": {
        "train_accuracy": 98.91517162322998,
        "train_loss": 0.028806829087014475,
        "train_IoU": 93.08581352233887,
        "train_epoch_time": 128.15343809127808,
        "val_accuracy": 95.25155425071716,
        "val_loss": 0.16171216731196017,
        "val_IoU": 85.92730164527893,
        "val_epoch_time": 19.615816831588745
    },
    "13": {
        "train_accuracy": 99.09439086914062,
        "train_loss": 0.023795509728480047,
        "train_IoU": 93.84269714355469,
        "train_epoch_time": 128.36907863616943,
        "val_accuracy": 96.3017225265503,
        "val_loss": 0.12059700566886077,
        "val_IoU": 88.3428156375885,
        "val_epoch_time": 19.370838403701782
    },
    "14": {
        "train_accuracy": 99.08862113952637,
        "train_loss": 0.023860942682181047,
        "train_IoU": 94.17683482170105,
        "train_epoch_time": 128.3055419921875,
        "val_accuracy": 95.40127515792847,
        "val_loss": 0.18719789307953708,
        "val_IoU": 86.19109988212585,
        "val_epoch_time": 19.452905893325806
    },
    "15": {
        "train_accuracy": 99.22475218772888,
        "train_loss": 0.019948042186750278,
        "train_IoU": 94.88510489463806,
        "train_epoch_time": 128.21284127235413,
        "val_accuracy": 94.6610152721405,
        "val_loss": 0.1965524098321573,
        "val_IoU": 84.2933177947998,
        "val_epoch_time": 19.30662965774536
    },
    "16": {
        "train_accuracy": 99.29053783416748,
        "train_loss": 0.01818870680345187,
        "train_IoU": 95.5451250076294,
        "train_epoch_time": 128.1831250190735,
        "val_accuracy": 96.42775654792786,
        "val_loss": 0.13195365923109337,
        "val_IoU": 88.18118572235107,
        "val_epoch_time": 19.32739782333374
    },
    "17": {
        "train_accuracy": 99.16813969612122,
        "train_loss": 0.02139835094347735,
        "train_IoU": 95.04613280296326,
        "train_epoch_time": 128.35761046409607,
        "val_accuracy": 94.37647461891174,
        "val_loss": 0.20000215452998432,
        "val_IoU": 83.49506258964539,
        "val_epoch_time": 19.407180547714233
    },
    "18": {
        "train_accuracy": 99.37660694122314,
        "train_loss": 0.015820403089131796,
        "train_IoU": 95.95186114311218,
        "train_epoch_time": 128.33568739891052,
        "val_accuracy": 95.384281873703,
        "val_loss": 0.17746326649811728,
        "val_IoU": 85.7661247253418,
        "val_epoch_time": 19.399824380874634
    },
    "19": {
        "train_accuracy": 99.38040971755981,
        "train_loss": 0.015620787472042418,
        "train_IoU": 95.87220549583435,
        "train_epoch_time": 128.4584629535675,
        "val_accuracy": 95.29410004615784,
        "val_loss": 0.23576002223278159,
        "val_IoU": 84.84094738960266,
        "val_epoch_time": 19.39795732498169
    },
    "20": {
        "train_accuracy": 99.43135380744934,
        "train_loss": 0.014699144677680761,
        "train_IoU": 96.1188554763794,
        "train_epoch_time": 128.4898636341095,
        "val_accuracy": 95.70171236991882,
        "val_loss": 0.14952101091395564,
        "val_IoU": 86.06574535369873,
        "val_epoch_time": 19.5644371509552
    },
    "21": {
        "train_accuracy": 99.39211010932922,
        "train_loss": 0.015640175185289287,
        "train_IoU": 96.3658332824707,
        "train_epoch_time": 128.28456616401672,
        "val_accuracy": 95.58374285697937,
        "val_loss": 0.18165039982813516,
        "val_IoU": 86.26789450645447,
        "val_epoch_time": 19.41399598121643
    },
    "22": {
        "train_accuracy": 99.37273263931274,
        "train_loss": 0.015997047017697465,
        "train_IoU": 95.92938423156738,
        "train_epoch_time": 128.4595808982849,
        "val_accuracy": 95.2512800693512,
        "val_loss": 0.1589258098557814,
        "val_IoU": 86.33763194084167,
        "val_epoch_time": 19.32259774208069
    },
    "23": {
        "train_accuracy": 99.45412278175354,